Freq,Power,ePower
340194312552404.1,1.95464441758343e+47,1.7466387758793944e+44
347145137645699.2,2.091657813865547e+47,2.1027826862278717e+44
373880737027023.44,2.2910129165907928e+47,7.162367209248412e+43
393598878779523.94,2.232869022435009e+47,1.7063577683032078e+44
418289765735095.1,2.44470552937437e+47,6.319805098769119e+43
493721213418751.3,2.7789136143739333e+47,1.7556220531307559e+44
516482828839693.3,2.7330758963284348e+47,9.262747201198429e+43
1500776446018848.2,4.420955365247474e+47,1.2101080101945466e+45
1743101965480253.0,3.998536832922283e+47,2.221809826589347e+44
